<?xml version="1.0"?>
<doc>
    <assembly>
        <name>DevTrackR</name>
    </assembly>
    <members>
        <member name="M:DevTrackR.Controllers.PackagesController.GetAll">
            <summary>
            Busca todos os pacotes
            </summary>
            <returns></returns>
        </member>
        <member name="M:DevTrackR.Controllers.PackagesController.GetByCode(System.String)">
            <summary>
            Retorna informação de um pacote específico
            </summary>
            <remarks>
            {
             "code": 1234
            }
            </remarks>
            <param name="code">Código de rastreio do pacote</param>
            <returns>Retorna o objeto correspondente aquele código</returns>
            <response code="200">Objeto encontrado e retornado</response>
            <response code="404">Nenhum objeto com esse código foi encontrado</response>
        </member>
        <member name="M:DevTrackR.Controllers.PackagesController.Post(DevTrackR.Models.AddPackageInputModel)">
            <summary>
            Cria um pacote novo
            </summary>
            <remarks>
            {
             "title": "Pacote teste para reprodução",
             "weight": 1.8,
             "senderName": "Samuel",
             "senderEmail: "emailteste@teste.com"
            }
            </remarks>
            <param name="model">Dados do pacote</param>
            <returns>Objeto recém criado com caminho para o método de busca de detalhes</returns>
            <response code="201">Cadastro realizado com sucesso</response>
            <response code="400">Dados inválidos</response>
        </member>
        <member name="M:DevTrackR.Controllers.PackagesController.PostUpdate(System.String,DevTrackR.Models.AddPackageUpdateInputModel)">
            <summary>
            Cria um novo update para um pacote específico rastreando ele pelo code
            </summary>
            <remarks>
            {
             "code": 1234
             "Status": "Texto com o status atualizado do pacote",
             "Delivered": True/False,
             "senderName": "Samuel",
             "senderEmail: "emailteste@teste.com"
            }
            </remarks>
            <param name="code">Código de rastreio do pacote</param>
            <param name="model">Dados do pacote</param>
            <returns>Não retorna conteúdo, apenas atualiza e persiste a mudança da atualização</returns>
            <response code="204">Atualização ocorreu com sucesso, não retorna dados</response>
            <response code="404">Nenhum objeto com esse código foi encontrado</response>
        </member>
    </members>
</doc>
